target,length
ACCGGC,6
GCCGGC,6
ACCGGT,6
GCCGGT,6
GAGCTC,6
GCAGC,5
TGACCA,6
TGGCCA,6
TGATCA,6
TGGTCA,6
AACGAG,6
AACGTT,6
AAGACC,6
AAGATC,6
AAGCTT,6
AAGGAG,6
AAGGAG,6
AAGAAG,6
AAGGAG,6
AATT,4
AATATT,6
AACGTT,6
ACAAAG,6
ACACAG,6
ACACAG,6
ACATC,5
ACCAAG,6
ACCACC,6
ACCAGC,6
ACCCAC,6
ACCCAG,6
ACCCAG,6
ACCCCA,6
ACCGAC,6
ACCGAG,6
ACCTGC,6
ACCTGC,6
ACCCAC,6
ACCTAC,6
ACGAAT,6
ACGAG,5
ACGCAG,6
ACGCGT,6
ACGGA,5
ACGGC,5
ACGGC,5
ACGGC,5
ACGAAG,6
ACGGAG,6
ACGT,4
ACGT,4
ACAGT,5
ACCGT,5
ACGGT,5
ACTGT,5
ACAGT,5
ACCGT,5
ACGGT,5
ACTGT,5
ACACAG,6
ACGCAG,6
ACAGAG,6
ACGGAG,6
ACACGT,6
ACGCGT,6
ACATGT,6
ACGTGT,6
ACTGG,5
ACTGG-,6
ACTGGG,6
ACTGGG,6
ACGT,4
AGAAG,5
AGAAGC,6
AGAAGG,6
AGACC,5
AGACC,5
AGATCT,6
AGCACC,6
AGCCAG,6
AGCCCA,6
AGCGCC,6
AGCT,4
AGCCAC,6
AGCTAC,6
AGCGCT,6
AGGAAG,6
AGGAAT,6
AGGAG,5
AGGCCT,6
AGGCGA,6
AGGAAG,6
AGGGAG,6
AGGCCT,6
AGTACT,6
AGTACT,6
AGCT,4
AACCCT,6
AGCCCT,6
AAGAGC,6
AGGAGC,6
AGGT,4
ACGT,4
AGCT,4
ACCT,4
ATCGAC,6
ATCGAT,6
ATGAA,5
ATGAAG,6
ATGCAC,6
ATGCAT,6
ATGCAT,6
ATTAAT,6
ATCGAT,6
ATTAAT,6
AAGCTT,6
ACATGT,6
ACCGGT,6
ACGCGT,6
ACGT,4
ACACGT,6
ACGCGT,6
ACATGT,6
ACGTGT,6
ACTAGT,6
AGATCT,6
ATGCAT,6
CCCGA,5
GCCGA,5
TCCGA,5
CGCGA,5
GGCGA,5
TGCGA,5
CTCGA,5
GTCGA,5
TTCGA,5
CCCGG,5
GCCGG,5
TCCGG,5
CGCGG,5
GGCGG,5
TGCGG,5
CTCGG,5
GTCGG,5
TTCGG,5
CCCGT,5
GCCGT,5
TCCGT,5
CGCGT,5
GGCGT,5
TGCGT,5
CTCGT,5
GTCGT,5
TTCGT,5
CAAAGA,6
CAAAGC,6
CAACAC,6
CAAGAA,6
CAAACA,6
CAAGCA,6
CACACG,6
CACAG,5
CACCAC,6
CACCCA,6
CACGAG,6
CACGTG,6
CACAAC,6
CACGAC,6
CACAAG,6
CACGAG,6
CACAAG,6
CACGAG,6
CACGTG,6
CAGAAC,6
CAGAAG,6
CAGAG,5
CAGCAG,6
CAGCAG,6
CAGCTC,6
CAGCTG,6
CAGAAG,6
CAGGAG,6
CAGAAG,6
CAGGAG,6
CAGTG,5
CAGCTG,6
CATATG,6
CATCAC,6
CATCAG,6
CATCAG,6
CATCG,5
CATG,4
CATG,4
CATTAG,6
CACGAC,6
CATGAC,6
CATATG,6
CATG,4
CCAAAC,6
CCAAAG,6
CCAAAT,6
CCACC,5
CCAGA,5
CCATC,5
CCATC,5
CCATGG,6
CCCAAG,6
CCCAAG,6
CCCACA,6
CCCG,4
CCCG,4
CCCGAG,6
CCCGC,5
CCCGGG,6
CCCGT,5
CCCAAG,6
CCCGAG,6
CCCGGG,6
CCAG,4
CCGG,4
CCTG,4
CCAC,4
CCGC,4
CCTC,4
CCGC--,6
CCGCAG,6
CCGCAT,6
CCGCGG,6
CCGCGG,6
CCGG,4
CCGGAG,6
CCGTTA,6
CCGTGA,6
CCTAAG,6
CCGAAG,6
CCAGG,5
CCCGG,5
CCGGG,5
CCTGG,5
CCAAGG,6
CCCAGG,6
CCGAGG,6
CCTAGG,6
CCACGG,6
CCCCGG,6
CCGCGG,6
CCTCGG,6
CCAGGG,6
CCCGGG,6
CCGGGG,6
CCTGGG,6
CCATGG,6
CCCTGG,6
CCGTGG,6
CCTTGG,6
CCAGAG,6
CCGGAG,6
CCGGG,5
CCCGG,5
CCTC,4
CCTC,4
CCTTC,5
CCTTGA,6
CCTCAA,6
CCTTAA,6
CCTCCA,6
CCTTCA,6
CCTCGA,6
CCTTGA,6
CCTCTA,6
CCTTTA,6
CCAGG,5
CCTGG,5
CCAAGG,6
CCTAGG,6
CCATGG,6
CCTTGG,6
CCCCAG,6
CCTCAG,6
CCCGA,5
CCTGA,5
CCGG,4
CCAGG,5
CCCGG,5
CCGGG,5
CCTGG,5
CCGGG,5
CCCGG,5
CCAGG,5
CCTGG,5
CGAACG,6
CGAAG,5
CGAAT,5
CGAGG,5
CGATCG,6
CGATCG,6
CGCCAG,6
CGCG,4
CGGAAG,6
CGGCCG,6
CGGGAG,6
CGAAG,5
CGGAG,5
CGATA,5
CGGTA,5
CGAGA,5
CGGGA,5
CGACCG,6
CGGCCG,6
CGATCG,6
CGGTCG,6
CGACCG,6
CGGCCG,6
CGATCG,6
CGGTCG,6
CGTACG,6
CGTCAG,6
CGTCTC,6
CGTCTC,6
CGTAAC,6
CGTGAC,6
CGACG,5
CGTCG,5
CGACG,5
CGTCG,5
CGCCAT,6
CGTCAT,6
CGCG,4
CCGCTG,6
CAGCTG,6
CCGCGG,6
CAGCGG,6
CAAA,4
CCAA,4
CGAA,4
CTAA,4
CACA,4
CCCA,4
CGCA,4
CTCA,4
CAGA,4
CCGA,4
CGGA,4
CTGA,4
CATA,4
CCTA,4
CGTA,4
CTTA,4
CAAG,4
CCAG,4
CGAG,4
CTAG,4
CACG,4
CCCG,4
CGCG,4
CTCG,4
CAGG,4
CCGG,4
CGGG,4
CTGG,4
CATG,4
CCTG,4
CGTG,4
CTTG,4
CATCAA,6
CGTCAA,6
CATCCA,6
CGTCCA,6
CATCGA,6
CGTCGA,6
CATCTA,6
CGTCTA,6
CATTAA,6
CGTTAA,6
CTAAAG,6
CTAG,4
CTCAG,5
CTCAG,5
CTCCA,5
CTCCAG,6
CTCGAG,6
CTCGCC,6
CTCTTC,6
CTCTTC,6
CTCGAG,6
CTGAAG,6
CTGAAG,6
CTGATG,6
CTGATG,6
CTGCA,5
CTGCAG,6
CTGCAG,6
CTGGAC,6
CTGGAG,6
CTGGAG,6
CTGAAG,6
CTGGAG,6
CTGAAG,6
CTGGAG,6
CTAAG,5
CTCAG,5
CTGAG,5
CTTAG,5
CTAGAG,6
CTGGAG,6
CTACAG,6
CTGCAG,6
CTATAG,6
CTGTAG,6
CTGAG,5
CTCAG,5
CTGGAG,6
CTCGAG,6
CTGCAG,6
CTCCAG,6
CTTAAG,6
CTTGAC,6
CTTGAG,6
CTTGAG,6
CTCCAA,6
CTTCAA,6
CTCAAG,6
CTTAAG,6
CTCGAG,6
CTTGAG,6
CCCGAG,6
CTCGAG,6
CCCGGG,6
CTCGGG,6
CCCGAG,6
CTCGAG,6
CCCGGG,6
CTCGGG,6
CAATTG,6
CATG,4
CCATGG,6
CCCGGG,6
CCGG,4
CCAAGG,6
CCCAGG,6
CCGAGG,6
CCTAGG,6
CCACGG,6
CCCCGG,6
CCGCGG,6
CCTCGG,6
CCAGGG,6
CCCGGG,6
CCGGGG,6
CCTGGG,6
CCATGG,6
CCCTGG,6
CCGTGG,6
CCTTGG,6
CCACGG,6
CCGCGG,6
CCATGG,6
CCGTGG,6
CCTAGG,6
CCAAGG,6
CCTAGG,6
CCATGG,6
CCTTGG,6
CGGCCG,6
CGTACG,6
CTAG,4
CTCGAG,6
CTAAG,5
CTCAG,5
CTGAG,5
CTTAG,5
CTACAG,6
CTGCAG,6
CTATAG,6
CTGTAG,6
CTTAAG,6
CTCAAG,6
CTTAAG,6
CTCGAG,6
CTTGAG,6
CCCGAG,6
CTCGAG,6
CCCGGG,6
CTCGGG,6
GAAAAG,6
GAAACA,6
GAAAG,5
GAACCA,6
GAAGA,5
GAAGA,5
GAAGAA,6
GAAGAC,6
GAAGAC,6
GAAGCC,6
GAAGCT,6
GAAGGC,6
GAAGT,5
GAATGC,6
GAATTC,6
GACAG,5
GACAGG,6
GACATC,6
GACCAC,6
GACCGA,6
GACGAG,6
GACGC,5
GACGC,5
GACGCA,6
GACGTC,6
GACGTC,6
GACAAC,6
GACGAC,6
GACGTC,6
GAGAAG,6
GAGCTC,6
GAGCTC,6
GAGGAC,6
GAGGAG,6
GAGGAG,6
GAGGAG,6
GAGTC,5
GAGTC,5
GAGTC,5
GAGTC,5
GAGCTC,6
GAATC,5
GACTC,5
GAGTC,5
GATTC,5
GAACAG,6
GAGCAG,6
GAGTC,5
GACTC,5
GATAAT,6
GATATC,6
GATC,4
GATCAG,6
GATC,4
GATATC,6
GATC,4
GATC,4
GCAAAC,6
GCAAAT,6
GCAAGG,6
GCAATG,6
GCACAG,6
GCAGC,5
GCAGC,5
GCAGCC,6
GCAGT,5
GCAGTG,6
GCATC,5
GCATC,5
GCATC,5
GCATGC,6
GCATGC,6
GCCCAG,6
GCCCAT,6
GCCCAA,6
GCCCCA,6
GCCCGA,6
GCCCTA,6
GCCGAC,6
GCCGAC,6
GCCGAG,6
GCCGAG,6
GCCGC,5
GCCGC,5
GCCGGC,6
GCCGGC,6
GCCAA,5
GCCCA,5
GCCTA,5
GCCAG,5
GCCCG,5
GCCTG,5
GCCTAG,6
GCCGAG,6
GCCAAG,6
GCCGAG,6
GCCTA,5
GCCGGC,6
GCGAA,5
GCGAAG,6
GCGAC,5
GCGATG,6
GCGC,4
GCGCAG,6
GCGCGC,6
GCGCGC,6
GCGGAG,6
GCGGAG,6
GCGGGA,6
GCGTA,5
GCGC,4
GCAGC,5
GCCGC,5
GCGGC,5
GCTGC,5
GCAGC,5
GCCGC,5
GCGGC,5
GCTGC,5
GCAAGC,6
GCCAGC,6
GCGAGC,6
GCTAGC,6
GCACGC,6
GCCCGC,6
GCGCGC,6
GCTCGC,6
GCAGGC,6
GCCGGC,6
GCGGGC,6
GCTGGC,6
GCATGC,6
GCCTGC,6
GCGTGC,6
GCTTGC,6
GCAGC,5
GCCGC,5
GCGGC,5
GCTGC,5
GCAAGC,6
GCCAGC,6
GCGAGC,6
GCTAGC,6
GCACGC,6
GCCCGC,6
GCGCGC,6
GCTCGC,6
GCAGGC,6
GCCGGC,6
GCGGGC,6
GCTGGC,6
GCATGC,6
GCCTGC,6
GCGTGC,6
GCTTGC,6
GCGGC,5
GCCGC,5
GCGGC,5
GCCGC,5
GCTAAT,6
GCTAGC,6
GCTCC-,6
GCTCCA,6
GCAGAG,6
GCCGAG,6
GCGGAG,6
GCAGC,5
GCTGC,5
GCCAAG,6
GCTAAG,6
GCCGA,5
GCTGA,5
GCGC,4
GCAGC,5
GCCGC,5
GCGGC,5
GCTGC,5
GAGCAC,6
GGGCAC,6
GTGCAC,6
GAGCCC,6
GGGCCC,6
GTGCCC,6
GAGCTC,6
GGGCTC,6
GTGCTC,6
GAGCAC,6
GGGCAC,6
GTGCAC,6
GAGCCC,6
GGGCCC,6
GTGCCC,6
GAGCTC,6
GGGCTC,6
GTGCTC,6
GGAAC,5
GGACC,5
GGACT,5
GGAGG,5
GGAGGC,6
GGAACA,6
GGAGCA,6
GGAAGA,6
GGAGGA,6
GGATC,5
GGATC,5
GGATCC,6
GGATG,5
GGATG,5
GGATG,5
GGATG,5
GGCC,4
GGCGAG,6
GGCGCA,6
GGCGCC,6
GGCGCC,6
GGCGGA,6
GGCGGA,6
GGCTAA,6
GGCTCA,6
GGCTGA,6
GGCTTA,6
GGCCAC,6
GGCTAC,6
GGCGCC,6
GGGAC,5
GGGAC,5
GGGCCC,6
GGGCCC,6
GGGAAG,6
GGGGAG,6
GGGTC,5
GGGTC-,6
GGGTAA,6
GGGTGA,6
GGGTTA,6
GGGTAA,6
GGGTCA,6
GGGTGA,6
GGGTTA,6
GGACC,5
GGCCC,5
GGGCC,5
GGTCC,5
GGACC,5
GGCCC,5
GGGCC,5
GGTCC,5
GGAACC,6
GGCACC,6
GGGACC,6
GGTACC,6
GGACCC,6
GGCCCC,6
GGGCCC,6
GGTCCC,6
GGAGCC,6
GGCGCC,6
GGGGCC,6
GGTGCC,6
GGATCC,6
GGCTCC,6
GGGTCC,6
GGTTCC,6
GGAACC,6
GGCACC,6
GGGACC,6
GGTACC,6
GGACCC,6
GGCCCC,6
GGGCCC,6
GGTCCC,6
GGAGCC,6
GGCGCC,6
GGGGCC,6
GGTGCC,6
GGATCC,6
GGCTCC,6
GGGTCC,6
GGTTCC,6
GGACA,5
GGGCA,5
GGACAG,6
GGGCAG,6
GGTAAG,6
GGTACC,6
GGTACC,6
GGTCTC,6
GGTCTC,6
GGTGA,5
GGTGA,5
GGTGA,5
GGTTAG,6
GGACC,5
GGTCC,5
GGACAA,6
GGTCAA,6
GGACCA,6
GGTCCA,6
GGACGA,6
GGTCGA,6
GGACTA,6
GGTCTA,6
GGACC,5
GGTCC,5
GGATAA,6
GGTTAA,6
GGCAAG,6
GGTAAG,6
GGCGAC,6
GGTGAC,6
GGCGAG,6
GGTGAG,6
GGCGAT,6
GGTGAT,6
GGCACC,6
GGTACC,6
GGCGCC,6
GGTGCC,6
GGCC,4
GGCGCC,6
GTAAGC,6
GGAAGC,6
GTAACC,6
GGAACC,6
GTAATC,6
GGAATC,6
GTAACG,6
GGAACG,6
GTAATG,6
GGAATG,6
GTAACG,6
GGAACG,6
GTAATG,6
GGAATG,6
GTGCCC,6
GGGCCC,6
GTGCCC,6
GGGCCC,6
GTGCAC,6
GGGCAC,6
GTGCCC,6
GGGCCC,6
GTGCAC,6
GGGCAC,6
GCAGG,5
GAAGG,5
GAAACG,6
GCAACG,6
GGAACG,6
GTAACG,6
GAAATG,6
GCAATG,6
GGAATG,6
GTAATG,6
GACCAG,6
GCCCAG,6
GGCCAG,6
GTCCAG,6
GATCAG,6
GCTCAG,6
GGTCAG,6
GTTCAG,6
GACGCC,6
GGCGCC,6
GACGTC,6
GGCGTC,6
GAGCCC,6
GGGCCC,6
GAGCTC,6
GGGCTC,6
GAGCCC,6
GGGCCC,6
GAGCTC,6
GGGCTC,6
GAGGAC,6
GGGGAC,6
GAGGAT,6
GGGGAT,6
GACGCC,6
GGCGCC,6
GACGTC,6
GGCGTC,6
GTAAG,5
GTAATC,6
GTAC,4
GTACAG,6
GTAGAT,6
GTATAC,6
GTATCC,6
GTATCC,6
GTATCC,6
GTATTC,6
GTAC,4
GTATAC,6
GTCCAG,6
GTCCC,5
GTCGAC,6
GTCTC,5
GTCTC,5
GTCTCA,6
GTGAAG,6
GTGAAG,6
GTGCAC,6
GTGCAG,6
GTCTAC,6
GTATAC,6
GTCGAC,6
GTAGAC,6
GTAAAC,6
GTCAAC,6
GTGAAC,6
GTTAAC,6
GTACAC,6
GTCCAC,6
GTGCAC,6
GTTCAC,6
GTAGAC,6
GTCGAC,6
GTGGAC,6
GTTGAC,6
GTATAC,6
GTCTAC,6
GTGTAC,6
GTTTAC,6
GTAAAC,6
GTCAAC,6
GTGAAC,6
GTTAAC,6
GTACAC,6
GTCCAC,6
GTGCAC,6
GTTCAC,6
GTAGAC,6
GTCGAC,6
GTGGAC,6
GTTGAC,6
GTATAC,6
GTCTAC,6
GTGTAC,6
GTTTAC,6
GTAAAG,6
GTGAAG,6
GTGAC,5
GTCAC,5
GTTAAC,6
GTTAAT,6
GTTCAG,6
GTTCAT,6
GTTGCA,6
GTTAAC,6
GTCAAC,6
GTTAAC,6
GTCGAC,6
GTTGAC,6
GTCAAC,6
GTTAAC,6
GTCGAC,6
GTTGAC,6
GTAC,4
GTCTAC,6
GTATAC,6
GTCGAC,6
GTAGAC,6
GAGCAC,6
GTGCAC,6
GAGCTC,6
GTGCTC,6
GAGCAC,6
GTGCAC,6
GAGCTC,6
GTGCTC,6
GAATTC,6
GAATC,5
GACTC,5
GAGTC,5
GATTC,5
GATC,4
GAATC,5
GATTC,5
GCCGGC,6
GCGC,4
GCGCGC,6
GCTAGC,6
GCAGC,5
GCTGC,5
GGATCC,6
GGCGCC,6
GGGCCC,6
GGACC,5
GGCCC,5
GGGCC,5
GGTCC,5
GGTACC,6
GGACC,5
GGTCC,5
GGCACC,6
GGTACC,6
GGCGCC,6
GGTGCC,6
GTAC,4
GTCGAC,6
GTGCAC,6
ACATGC,6
GCATGC,6
ACATGT,6
GCATGT,6
ACATGC,6
GCATGC,6
ACATGT,6
GCATGT,6
ACCGGC,6
GCCGGC,6
ACCGGT,6
GCCGGT,6
AGATCC,6
GGATCC,6
AGATCT,6
GGATCT,6
AGCGCC,6
GGCGCC,6
AGCGCT,6
GGCGCT,6
AGCGCC,6
GGCGCC,6
AGCGCT,6
GGCGCT,6
AGCC,4
GGCC,4
AGCT,4
GGCT,4
AGCGCC,6
GGCGCC,6
AGCGCT,6
GGCGCT,6
AGCC,4
GGCC,4
AGCT,4
GGCT,4
ATCAGG,6
GTCAGG,6
ATCGAG,6
GTCGAG,6
AAATTC,6
GAATTC,6
AAATTT,6
GAATTT,6
ACCGGC,6
GCCGGC,6
ACCGGT,6
GCCGGT,6
AGATCC,6
GGATCC,6
AGATCT,6
GGATCT,6
TACGA,5
TACGAC,6
TACGAG,6
TACGTA,6
TACGTA,6
TAGAAC,6
TAGAGC,6
TAGGAG,6
TAGAAG,6
TAGGAG,6
TAAAAG,6
TACAAG,6
TAGAAG,6
TATAAG,6
TAACCA,6
TAGCCA,6
TCATGA,6
TCCAGG,6
TCCGGA,6
TCCAAC,6
TCCGAC,6
TCGA,4
TCGAG,5
TCGCGA,6
TCGTA,5
TCGTAG,6
TCGCGA,6
TCAGA,5
TCCGA,5
TCGGA,5
TCTGA,5
TCAAGA,6
TCCAGA,6
TCGAGA,6
TCTAGA,6
TCACGA,6
TCCCGA,6
TCGCGA,6
TCTCGA,6
TCAGGA,6
TCCGGA,6
TCGGGA,6
TCTGGA,6
TCATGA,6
TCCTGA,6
TCGTGA,6
TCTTGA,6
TCAGA,5
TCCGA,5
TCGGA,5
TCTGA,5
TCTAGA,6
TCGA,4
TCAAGA,6
TCCAGA,6
TCGAGA,6
TCTAGA,6
TCACGA,6
TCCCGA,6
TCGCGA,6
TCTCGA,6
TCAGGA,6
TCCGGA,6
TCGGGA,6
TCTGGA,6
TCATGA,6
TCCTGA,6
TCGTGA,6
TCTTGA,6
TGAAC,5
TGACAG,6
TGAG,4
TGATCA,6
TGCA,4
TGCAG,5
TGCGCA,6
TGCGCA,6
TGGAAT,6
TGGCCA,6
TGGCCA,6
TGTCCA,6
TGGCCA,6
TGTACA,6
TGGACA,6
TGACCA,6
TGGCCA,6
TGATCA,6
TGGTCA,6
TGTACA,6
TGCA,4
TTATAA,6
TTCAAG,6
TTCGAA,6
TTCGAG,6
TTGACC,6
TTGATC,6
TTGAA,5
TTCAA,5
TTTAAA,6
TTTAAA,6
TTCGAA,6
TCATGA,6
TCCGGA,6
TCGA,4
TCTAGA,6
TGATCA,6
TGTACA,6
TTAA,4
ACCGGA,6
TCCGGA,6
ACCGGT,6
TCCGGT,6
AGGCCA,6
TGGCCA,6
AGGCCT,6
TGGCCT,6
ACCGGA,6
TCCGGA,6
ACCGGT,6
TCCGGT,6
AGTACA,6
TGTACA,6
AGTACT,6
TGTACT,6
CACGTA,6
TACGTA,6
CACGTG,6
TACGTG,6
CACGTA,6
TACGTA,6
CACGTG,6
TACGTG,6
CAGGAG,6
TAGGAG,6
CATA,4
TATA,4
CATG,4
TATG,4
CCCGGG,6
TCCGGG,6
CCCGCG,6
TCCGCG,6
CCCGGC,6
TCCGGC,6
CCCGCC,6
TCCGCC,6
CGGCCA,6
TGGCCA,6
CGGCCG,6
TGGCCG,6
CGCAG,5
TGCAG,5
CCCAG,5
TCCAG,5
CGCCG,5
TGCCG,5
CCCCG,5
TCCCG,5
CGCGG,5
TGCGG,5
CCCGG,5
TCCGG,5
CGCTG,5
TGCTG,5
CCCTG,5
TCCTG,5
CGCAC,5
TGCAC,5
CCCAC,5
TCCAC,5
CGCCC,5
TGCCC,5
CCCCC,5
TCCCC,5
CGCGC,5
TGCGC,5
CCCGC,5
TCCGC,5
CGCTC,5
TGCTC,5
CCCTC,5
TCCTC,5
CGGCCA,6
TGGCCA,6
CGGCCG,6
TGGCCG,6
AATT,4
CATG,4
CCAGG,5
CCCGG,5
CCGGG,5
CCTGG,5
CCGGG,5
CCCGG,5
CCAGG,5
CCTGG,5
CGCG,4
GATC,4
GGCC,4
GGACC,5
GGCCC,5
GGGCC,5
GGTCC,5
GGACC,5
GGTCC,5
GTAAC,5
GTCAC,5
GTGAC,5
GTTAC,5
GTGAC,5
GTCAC,5
